<?xml version="1.0" encoding="UTF-8"?>
<project-private xmlns="http://www.netbeans.org/ns/project-private/1">
    <editor-bookmarks xmlns="http://www.netbeans.org/ns/editor-bookmarks/2" lastBookmarkId="0"/>
    <open-files xmlns="http://www.netbeans.org/ns/projectui-open-files/2">
        <group>
            <file>file:/C:/Users/luisa/Documents/NetBeansProjects/Inventario/src/inventario/Inventario.java</file>
            <file>file:/C:/Users/luisa/Documents/NetBeansProjects/Inventario/src/set_get_data/getData.java</file>
            <file>file:/C:/Users/luisa/Documents/NetBeansProjects/Inventario/src/setConection/Conexion.java</file>
            <file>file:/C:/Users/luisa/Documents/NetBeansProjects/Inventario/src/set_get_data/Data_information.java</file>
            <file>file:/C:/Users/luisa/Documents/NetBeansProjects/Inventario/src/inventario/Menu.java</file>
            <file>file:/C:/Users/luisa/Documents/NetBeansProjects/Inventario/src/inventario/RegistroF.java</file>
        </group>
    </open-files>
</project-private>
